IPCount,ip
198607,"34.215.24.225"
108731,"172.16.0.178"
66398,"172.16.0.2"
55537,"172.31.0.2"
44593,"192.168.247.131"
37367,"192.168.70.186"
35339,"192.168.3.130"
34072,"172.31.12.76"
32110,"172.16.197.137"
30248,"172.31.38.181"
29714,"172.16.0.109"
28486,"192.168.247.129"
24616,"172.16.133.131"
24444,"172.16.0.127"
23481,"192.168.24.128"
22193,"172.16.0.13"
18019,"172.16.0.145"
16813,"172.16.0.149"
15940,"192.168.247.2"
13029,"192.168.9.30"
10016,"13.125.248.203"
9937,"13.209.74.63"
9911,"52.78.97.124"
8703,"172.16.3.197"
8621,"13.125.50.235"
8612,"13.209.88.135"
8192,"13.125.251.153"
8147,"172.16.133.2"
8036,"172.16.197.2"
7981,"52.78.247.225"
7939,"52.79.242.28"
7937,"192.168.3.2"
7754,"192.168.9.50"
7058,"192.168.9.20"
6985,"192.168.105.214"
6317,"13.209.8.105"
5712,"172.16.1.239"
5411,"75.75.75.75"
5406,"192.168.24.2"
5393,"13.124.132.145"
5144,"192.168.8.103"
4900,"52.79.241.86"
4786,"192.168.70.2"
4632,"52.79.251.232"
4444,"52.79.241.34"
3951,"192.168.8.114"
3884,"13.124.231.241"
3762,"13.209.99.29"
3741,"13.209.43.220"
3170,"192.168.105.215"
2960,"13.125.245.171"
2916,"169.254.169.254"
2845,"224.0.0.251"
2444,"52.79.250.183"
2280,"192.168.8.117"
2141,"224.0.0.252"
2100,"192.168.8.109"
1925,"192.168.8.113"
1919,"14.2.760.000"
1912,"54.67.127.227"
1803,"239.255.255.250"
1732,"104.209.132.239"
1561,"192.168.8.1"
1427,"127.0.0.1"
1373,"45.77.53.176"
1313,"192.168.105.2"
1282,"13.124.47.254"
1279,"172.16.0.1"
1148,"91.207.175.249"
1101,"72.21.91.29"
1075,"107.77.212.175"
1068,"192.168.8.118"
1050,"192.168.8.112"
980,"192.168.8.116"
913,"0.0.0.0"
840,"216.58.195.67"
823,"192.168.70.255"
770,"216.58.195.78"
739,"192.168.247.255"
712,"172.31.0.1"
666,"192.168.8.110"
661,"192.168.9.1"
654,"13.125.33.130"
643,"192.168.247.1"
637,"139.198.18.205"
633,"192.168.9.31"
619,"172.16.1.181"
555,"216.58.194.163"
543,"12.196.122.127"
532,"35.182.246.222"
525,"192.168.9.25"
461,"192.168.8.111"
456,"169.254.169.123"
437,"45.62.48.155"
423,"216.58.194.174"
420,"104.128.69.207"
409,"12.5.7.0"
409,"9.8.6.0"
408,"1.3.33.17"
394,"24.8.40.184"
